{
 "id": "57f0ae48-a594-417e-b661-8c57fbe0b5f8",
 "info": -573109533,
 "versions": [
  {
   "id": "pager-360x494-EN",
   "canvas": {
    "width": 360,
    "height": 494
   },
   "edition": {
    "id": "21bab206-48c6-4a4c-ba46-3940cb1b6608",
    "locale": "EN",
    "speaker": "Nova-OpenAI"
   },
   "player": "Pager",
   "title": "Django"
  },
  {
   "id": "pager-375x629-EN",
   "canvas": {
    "width": 375,
    "height": 629
   },
   "edition": {
    "id": "21bab206-48c6-4a4c-ba46-3940cb1b6608",
    "locale": "EN",
    "speaker": "Nova-OpenAI"
   },
   "player": "Pager",
   "title": "Django"
  },
  {
   "id": "pager-384x600-EN",
   "canvas": {
    "width": 384,
    "height": 600
   },
   "edition": {
    "id": "21bab206-48c6-4a4c-ba46-3940cb1b6608",
    "locale": "EN",
    "speaker": "Nova-OpenAI"
   },
   "player": "Pager",
   "title": "Django"
  },
  {
   "id": "pager-384x660-EN",
   "canvas": {
    "width": 384,
    "height": 660
   },
   "edition": {
    "id": "21bab206-48c6-4a4c-ba46-3940cb1b6608",
    "locale": "EN",
    "speaker": "Nova-OpenAI"
   },
   "player": "Pager",
   "title": "Django"
  },
  {
   "id": "pager-1000x660-EN",
   "canvas": {
    "width": 1000,
    "height": 660
   },
   "edition": {
    "id": "21bab206-48c6-4a4c-ba46-3940cb1b6608",
    "locale": "EN",
    "speaker": "Nova-OpenAI"
   },
   "player": "Pager",
   "title": "Django"
  },
  {
   "id": "pager-760x900-EN",
   "canvas": {
    "width": 760,
    "height": 900
   },
   "edition": {
    "id": "21bab206-48c6-4a4c-ba46-3940cb1b6608",
    "locale": "EN",
    "speaker": "Nova-OpenAI"
   },
   "player": "Pager",
   "title": "Django"
  },
  {
   "id": "pager-1024x768-EN",
   "canvas": {
    "width": 1024,
    "height": 768
   },
   "edition": {
    "id": "21bab206-48c6-4a4c-ba46-3940cb1b6608",
    "locale": "EN",
    "speaker": "Nova-OpenAI"
   },
   "player": "Pager",
   "title": "Django"
  },
  {
   "id": "pager-768x1024-EN",
   "canvas": {
    "width": 768,
    "height": 1024
   },
   "edition": {
    "id": "21bab206-48c6-4a4c-ba46-3940cb1b6608",
    "locale": "EN",
    "speaker": "Nova-OpenAI"
   },
   "player": "Pager",
   "title": "Django"
  },
  {
   "id": "pager-1280x720-EN",
   "canvas": {
    "width": 1280,
    "height": 720
   },
   "edition": {
    "id": "21bab206-48c6-4a4c-ba46-3940cb1b6608",
    "locale": "EN",
    "speaker": "Nova-OpenAI"
   },
   "player": "Pager",
   "title": "Django"
  },
  {
   "id": "pager-720x1280-EN",
   "canvas": {
    "width": 720,
    "height": 1280
   },
   "edition": {
    "id": "21bab206-48c6-4a4c-ba46-3940cb1b6608",
    "locale": "EN",
    "speaker": "Nova-OpenAI"
   },
   "player": "Pager",
   "title": "Django"
  },
  {
   "id": "pager-1880x920-EN",
   "canvas": {
    "width": 1880,
    "height": 920
   },
   "edition": {
    "id": "21bab206-48c6-4a4c-ba46-3940cb1b6608",
    "locale": "EN",
    "speaker": "Nova-OpenAI"
   },
   "player": "Pager",
   "title": "Django"
  },
  {
   "id": "pager-1600x850-EN",
   "canvas": {
    "width": 1600,
    "height": 850
   },
   "edition": {
    "id": "21bab206-48c6-4a4c-ba46-3940cb1b6608",
    "locale": "EN",
    "speaker": "Nova-OpenAI"
   },
   "player": "Pager",
   "title": "Django"
  },
  {
   "id": "pager-1000x500-EN",
   "canvas": {
    "width": 1000,
    "height": 500
   },
   "edition": {
    "id": "21bab206-48c6-4a4c-ba46-3940cb1b6608",
    "locale": "EN",
    "speaker": "Nova-OpenAI"
   },
   "player": "Pager",
   "title": "Django"
  },
  {
   "id": "pager-1366x700-EN",
   "canvas": {
    "width": 1366,
    "height": 700
   },
   "edition": {
    "id": "21bab206-48c6-4a4c-ba46-3940cb1b6608",
    "locale": "EN",
    "speaker": "Nova-OpenAI"
   },
   "player": "Pager",
   "title": "Django"
  },
  {
   "id": "pager-360x494-DE",
   "canvas": {
    "width": 360,
    "height": 494
   },
   "edition": {
    "locale": "DE",
    "speaker": "Nova-OpenAI",
    "id": "2ad4f3c7-ee15-4415-aad6-50a6da14222f"
   },
   "player": "Pager",
   "title": "Django"
  },
  {
   "id": "pager-375x629-DE",
   "canvas": {
    "width": 375,
    "height": 629
   },
   "edition": {
    "locale": "DE",
    "speaker": "Nova-OpenAI",
    "id": "2ad4f3c7-ee15-4415-aad6-50a6da14222f"
   },
   "player": "Pager",
   "title": "Django"
  },
  {
   "id": "pager-384x600-DE",
   "canvas": {
    "width": 384,
    "height": 600
   },
   "edition": {
    "locale": "DE",
    "speaker": "Nova-OpenAI",
    "id": "2ad4f3c7-ee15-4415-aad6-50a6da14222f"
   },
   "player": "Pager",
   "title": "Django"
  },
  {
   "id": "pager-384x660-DE",
   "canvas": {
    "width": 384,
    "height": 660
   },
   "edition": {
    "locale": "DE",
    "speaker": "Nova-OpenAI",
    "id": "2ad4f3c7-ee15-4415-aad6-50a6da14222f"
   },
   "player": "Pager",
   "title": "Django"
  },
  {
   "id": "pager-1000x660-DE",
   "canvas": {
    "width": 1000,
    "height": 660
   },
   "edition": {
    "locale": "DE",
    "speaker": "Nova-OpenAI",
    "id": "2ad4f3c7-ee15-4415-aad6-50a6da14222f"
   },
   "player": "Pager",
   "title": "Django"
  },
  {
   "id": "pager-760x900-DE",
   "canvas": {
    "width": 760,
    "height": 900
   },
   "edition": {
    "locale": "DE",
    "speaker": "Nova-OpenAI",
    "id": "2ad4f3c7-ee15-4415-aad6-50a6da14222f"
   },
   "player": "Pager",
   "title": "Django"
  },
  {
   "id": "pager-1024x768-DE",
   "canvas": {
    "width": 1024,
    "height": 768
   },
   "edition": {
    "locale": "DE",
    "speaker": "Nova-OpenAI",
    "id": "2ad4f3c7-ee15-4415-aad6-50a6da14222f"
   },
   "player": "Pager",
   "title": "Django"
  },
  {
   "id": "pager-768x1024-DE",
   "canvas": {
    "width": 768,
    "height": 1024
   },
   "edition": {
    "locale": "DE",
    "speaker": "Nova-OpenAI",
    "id": "2ad4f3c7-ee15-4415-aad6-50a6da14222f"
   },
   "player": "Pager",
   "title": "Django"
  },
  {
   "id": "pager-1280x720-DE",
   "canvas": {
    "width": 1280,
    "height": 720
   },
   "edition": {
    "locale": "DE",
    "speaker": "Nova-OpenAI",
    "id": "2ad4f3c7-ee15-4415-aad6-50a6da14222f"
   },
   "player": "Pager",
   "title": "Django"
  },
  {
   "id": "pager-720x1280-DE",
   "canvas": {
    "width": 720,
    "height": 1280
   },
   "edition": {
    "locale": "DE",
    "speaker": "Nova-OpenAI",
    "id": "2ad4f3c7-ee15-4415-aad6-50a6da14222f"
   },
   "player": "Pager",
   "title": "Django"
  },
  {
   "id": "pager-1880x920-DE",
   "canvas": {
    "width": 1880,
    "height": 920
   },
   "edition": {
    "locale": "DE",
    "speaker": "Nova-OpenAI",
    "id": "2ad4f3c7-ee15-4415-aad6-50a6da14222f"
   },
   "player": "Pager",
   "title": "Django"
  },
  {
   "id": "pager-1600x850-DE",
   "canvas": {
    "width": 1600,
    "height": 850
   },
   "edition": {
    "locale": "DE",
    "speaker": "Nova-OpenAI",
    "id": "2ad4f3c7-ee15-4415-aad6-50a6da14222f"
   },
   "player": "Pager",
   "title": "Django"
  },
  {
   "id": "pager-1000x500-DE",
   "canvas": {
    "width": 1000,
    "height": 500
   },
   "edition": {
    "locale": "DE",
    "speaker": "Nova-OpenAI",
    "id": "2ad4f3c7-ee15-4415-aad6-50a6da14222f"
   },
   "player": "Pager",
   "title": "Django"
  },
  {
   "id": "pager-1366x700-DE",
   "canvas": {
    "width": 1366,
    "height": 700
   },
   "edition": {
    "locale": "DE",
    "speaker": "Nova-OpenAI",
    "id": "2ad4f3c7-ee15-4415-aad6-50a6da14222f"
   },
   "player": "Pager",
   "title": "Django"
  },
  {
   "id": "aria-EN",
   "edition": {
    "id": "21bab206-48c6-4a4c-ba46-3940cb1b6608",
    "locale": "EN",
    "speaker": "Nova-OpenAI"
   },
   "player": "Aria",
   "title": "Django"
  },
  {
   "id": "aria-DE",
   "edition": {
    "locale": "DE",
    "speaker": "Nova-OpenAI",
    "id": "2ad4f3c7-ee15-4415-aad6-50a6da14222f"
   },
   "player": "Aria",
   "title": "Django"
  }
 ],
 "preferredApi": "XAPI"
}