[
 77,
 {
  "type": "c",
  "heading": 78,
  "content": [
   84,
   {
    "type": "c",
    "heading": 79,
    "content": [
     85,
     86,
     87,
     88,
     107,
     108,
     109,
     110,
     111,
     112,
     113,
     114,
     115,
     116
    ]
   },
   {
    "type": "c",
    "heading": 80,
    "content": [
     89,
     {
      "type": "l",
      "content": [
       90,
       91,
       92,
       93
      ]
     },
     117,
     118,
     119,
     120,
     121
    ]
   },
   {
    "type": "c",
    "heading": 81,
    "content": [
     {
      "type": "l",
      "content": [
       94,
       95,
       96,
       97
      ]
     },
     98,
     99,
     122,
     123,
     124,
     125,
     126
    ]
   },
   {
    "type": "c",
    "heading": 82,
    "content": [
     100,
     {
      "type": "l",
      "content": [
       101,
       102
      ]
     },
     103,
     104,
     127,
     128,
     129,
     130,
     131
    ]
   },
   {
    "type": "c",
    "heading": 83,
    "content": [
     105,
     106
    ]
   }
  ]
 }
]