{
 "borderRadius": 50,
 "logo": {
  "image": {
   "url": "./content/logo-imc-standard-white.svg"
  },
  "size": 0.67
 },
 "derivedColor": {
  "l": "53%",
  "s": "56%"
 },
 "fontFamily": "Lato",
 "headingFontFamily": "Lato",
 "fontMaxSpaceWidth": 4.25,
 "fontMinSpaceWidth": 3,
 "fontStyle": {
  "h1": {
   "boldFontWeight": 700,
   "fontSize": 56,
   "fontWeight": 400,
   "letterSpacing": 0,
   "lineHeight": 70
  },
  "h2": {
   "boldFontWeight": 700,
   "fontSize": 42,
   "fontWeight": 400,
   "letterSpacing": 0,
   "lineHeight": 52
  },
  "h3": {
   "boldFontWeight": 700,
   "fontSize": 30,
   "fontWeight": 400,
   "letterSpacing": 0,
   "lineHeight": 38
  },
  "h4": {
   "boldFontWeight": 700,
   "fontSize": 24,
   "fontWeight": 400,
   "letterSpacing": 0,
   "lineHeight": 30
  },
  "h5": {
   "boldFontWeight": 700,
   "fontSize": 21,
   "fontWeight": 700,
   "letterSpacing": 0,
   "lineHeight": 28
  },
  "label": {
   "boldFontWeight": 700,
   "fontSize": 14,
   "fontWeight": 400,
   "letterSpacing": 0,
   "lineHeight": 20
  },
  "li": {
   "boldFontWeight": 700,
   "fontSize": 21,
   "fontWeight": 300,
   "letterSpacing": 0,
   "lineHeight": 28
  },
  "p": {
   "boldFontWeight": 700,
   "fontSize": 21,
   "fontWeight": 300,
   "letterSpacing": 0,
   "lineHeight": 28
  }
 },
 "icon": {
  "strokeWidth": 1.3
 },
 "palette": {
  "background": {
   "base": "#002434",
   "inverse": "#94A6B8",
   "strong": "#0B2E41"
  },
  "canvas": {
   "base": "#002434",
   "inverse": "#94A6B8",
   "strong": "#385166"
  },
  "danger": {
   "base": "#FC5858",
   "inverse": "#002434",
   "strong": "#802D2D"
  },
  "foreground": {
   "base": "#F2F9FD",
   "inverse": "#002434",
   "strong": "#FFFFFF"
  },
  "muted": {
   "base": "#55748B",
   "inverse": "#002434",
   "strong": "#4A677D"
  },
  "primary": {
   "base": "#00E2EB",
   "inverse": "#002434",
   "strong": "#02A4C8"
  },
  "secondary": {
   "base": "#00E2EB",
   "inverse": "#002434",
   "strong": "#02A4C8"
  },
  "shadow": {
   "base": "#060A0FB3",
   "inverse": "#FFFFFF00",
   "strong": "#060A0FB3"
  },
  "success": {
   "base": "#27E8A7",
   "inverse": "#002434",
   "strong": "#338064"
  },
  "warning": {
   "base": "#F4D525",
   "inverse": "#002434",
   "strong": "#F3BB23"
  },
  "info": {
   "base": "#FFFFC8",
   "inverse": "#282828",
   "strong": "#FFFFB3"
  }
 },
 "inputColor": {
  "onCanvas": "#F5F9FC",
  "onBackground": "#F2F6FA"
 },
 "player": {
  "pageTransition": {
   "duration": 0
  },
  "animations": {
   "enterTimeGap": 220,
   "timeScale": 1.3
  },
  "button": {
   "background": "#00000000",
   "foreground": "#00E2EB",
   "backgroundHover": "#00E2EB",
   "foregroundHover": "#002434",
   "backgroundDisabled": "#00000000",
   "foregroundDisabled": "#55748B"
  },
  "background": [
   {
    "url": "./content/transportation-background-173995335.jpg"
   },
   {
    "url": "./content/transportation-background-224698511.jpg"
   },
   {
    "url": "./content/transportation-background-196649218.jpg"
   },
   {
    "url": "./content/transportation-background-245151387.jpg"
   },
   {
    "url": "./content/transportation-background-30276249.jpg"
   },
   {
    "url": "./content/transportation-background-175596485.jpg"
   },
   {
    "url": "./content/transportation-background-119090624.jpg"
   },
   {
    "url": "./content/transportation-background-215615356.jpg"
   },
   {
    "url": "./content/transportation-background-211586095.jpg"
   },
   {
    "url": "./content/transportation-background-388195611.jpg"
   },
   {
    "url": "./content/transportation-background-221094446.jpg"
   },
   {
    "url": "./content/transportation-background-156230595.jpg"
   }
  ],
  "toc": {
   "fontWeight": 300,
   "h1": 30,
   "h2": 21,
   "h3": 19
  },
  "cardsPage": {
   "borderRadius": 20,
   "boxShadow": "0px 10px 40px rgba(0,0,0,0.15)",
   "frontFallbackImage": {
    "url": "./content/colorful-card-front-fallback-imc-logo-white.png"
   },
   "front": {
    "foreground": "#F2F9FD",
    "background": {
     "fallback": "#0B2E41",
     "gradient": "linear-gradient(0deg, #0b2e41 0%, #0b2e41 100%)"
    },
    "imageForeground": "#FFFFFF",
    "imageOverlay": {
     "fallback": "#00000080",
     "gradient": "linear-gradient(0deg, rgba(0, 0, 0, 0.5) 0%, rgba(0, 0, 0, 0.5) 100%)"
    }
   },
   "back": {
    "foreground": "#F2F9FD",
    "background": {
     "fallback": "#0B2E41",
     "gradient": "linear-gradient(0deg, #0b2e41 0%, #0b2e41 100%)"
    },
    "imageForeground": "#FFFFFF",
    "imageOverlay": {
     "fallback": "#00000080",
     "gradient": "linear-gradient(0deg, rgba(0, 0, 0, 0.5) 0%, rgba(0, 0, 0, 0.5) 100%)"
    }
   },
   "backdrop": {
    "fallback": "#E6ECF400",
    "gradient": "linear-gradient(0deg, rgba(230, 236, 244, 0) 0%, rgba(230, 236, 244, 0) 100%)"
   },
   "animations": {
    "prefix": "bubble",
    "backdrop": "scaleDownCenter",
    "cards": "flipInBottom"
   }
  },
  "titlePage": {
   "font": "#DDF9FF",
   "overlay": {
    "fallback": "#0000006B",
    "gradient": "linear-gradient(140deg, hsla(205, 100%, 12%, 0.8) 0%, rgba(2,164,200,0.0) 45%, rgba(2,164,200,0.4) 100%), linear-gradient(0deg, rgba(40, 40, 40, 0) 0%, rgba(40, 40, 40, 0.55) 45%, rgba(40, 40, 40, 0.55) 55%, rgba(40, 40, 40, 0) 100%)"
   },
   "animations": {
    "title": "scaleUpCenter",
    "subTitle": "fadeIn",
    "backgroundImage": "kenBurns"
   }
  },
  "titleColumn1Page": {
   "font": "#F2F9FD",
   "overlay": {
    "fallback": "#0000006B",
    "gradient": "linear-gradient(100deg, rgba(2,164,200,0.95) 0%, rgba(2,164,200,0.95) 100%)"
   },
   "animations": {
    "backgroundImage": "kenBurns",
    "box": "verticalScaleTop",
    "title": "slideTop",
    "column": "fadeIn"
   }
  },
  "titleColumn2Page": {
   "font": "#F2F9FD",
   "overlay": {
    "fallback": "#0000006B",
    "gradient": "linear-gradient(100deg, rgba(2,164,200,0.95) 0%, rgba(2,164,200,0.95) 100%)"
   },
   "animations": {
    "title": "slideTop",
    "backgroundImage": "kenBurns",
    "box": "verticalScaleTop",
    "column1": "fadeIn",
    "column2": "fadeIn"
   }
  },
  "titleVerticalThirdPage": {
   "font": "#F2F9FD",
   "overlay": {
    "fallback": "#0000006B",
    "gradient": "linear-gradient(100deg, rgba(2,164,200,0.95) 0%, rgba(2,164,200,0.95) 100%)"
   },
   "animations": {
    "title": "typewriterFadeIn",
    "column": "fadeIn"
   }
  },
  "verticalHalfPage": {
   "animations": {
    "columns": "slideTop",
    "backgroundImage": "slideRight"
   }
  },
  "verticalPage": {
   "animations": {
    "columns": "slideTop"
   }
  },
  "horizontalThirdPage": {
   "animations": {
    "columns": "slideTop",
    "backgroundImage": "fadeIn"
   }
  },
  "horizontalThirdColumn2Page": {
   "animations": {
    "column1": "slideRight",
    "column2": "slideLeft",
    "backgroundImage": "fadeIn"
   }
  },
  "imagePage": {
   "animations": {
    "image": "scaleUpCenter"
   }
  },
  "column2Page": {
   "animations": {
    "column1": "slideRight",
    "column2": "slideLeft"
   }
  },
  "imageLandscapeColumn3Page": {
   "animations": {
    "image": "scaleUpCenter",
    "column": "slideLeft"
   }
  },
  "imagePortraitColumn2Page": {
   "animations": {
    "image": "scaleUpCenter",
    "column": "slideLeft"
   }
  },
  "imageRow2Page": {
   "animations": {
    "image": "scaleUpCenter",
    "column": "slideLeft"
   }
  },
  "imageCaptionPage": {
   "animations": {
    "image": "none",
    "caption": "typewriterFadeIn",
    "box": "slideBottom"
   }
  },
  "imageLabelPage": {
   "balls": {
    "active": {
     "foreground": "#002434",
     "background": "#00E2EB",
     "border": "#002434"
    },
    "unseen": {
     "foreground": "#002434",
     "background": "#F2F9FD",
     "border": "#002434"
    },
    "finished": {
     "foreground": "#002434",
     "background": "#27E8A7",
     "border": "#002434"
    }
   },
   "chip": {
    "background": "#F2F9FD",
    "foreground": "#002434"
   },
   "animations": {
    "image": "scaleUpCenter",
    "balls": "bubble",
    "caption": "typewriterFadeIn",
    "box": "slideBottom"
   }
  },
  "column3Page": {
   "animations": {
    "column1": "fadeIn",
    "column2": "fadeIn",
    "column3": "fadeIn"
   }
  },
  "citationPage": {
   "font": "#F2F9FD",
   "citeIcon": {
    "stroke": "none",
    "fill": "#F4E225FF"
   },
   "overlay": {
    "fallback": "#02A4C8F2",
    "gradient": "linear-gradient(0deg, rgba(2,164,200,0.95) 0%, rgba(2,164,200,0.95) 100%)"
   },
   "animations": {
    "box": "scaleUpCenter",
    "icon": "scaleDownCenter",
    "content": "typewriterScaleDown",
    "suffix": "typewriterScaleDown",
    "backgroundImage": "kenBurns"
   }
  },
  "questionPage": {
   "animations": {
    "question": "slideBottom",
    "indicator": "phaserRight",
    "image": "slideBottom",
    "answers": "slideTop",
    "submit": "scaleUpCenter",
    "tryAgain": "scaleUpCenter",
    "feedback": "scaleUpCenter"
   }
  },
  "videoPage": {
   "animations": {
    "video": "fadeIn"
   }
  },
  "iFramePage": {
   "animations": {
    "iFrame": "fadeIn"
   }
  },
  "element": {
   "foreground": "#F2F9FD",
   "image": {
    "margin": {
     "top": 16,
     "bottom": 16,
     "left": 0,
     "right": 0
    }
   },
   "link": {
    "foreground": "#00E2EB",
    "hover": "#02A4C8",
    "margin": {
     "top": 0,
     "bottom": 0,
     "left": 0,
     "right": 0
    },
    "boxBackground": {
     "fallback": "#00000000",
     "gradient": "linear-gradient(0deg, #00000000 0%, #00000000 100%)"
    },
    "boxShadow": "none"
   },
   "highlightParagraph": {
    "foreground": "#F2F9FD",
    "margin": {
     "top": 27,
     "bottom": 27,
     "left": 0,
     "right": 0
    },
    "indicatorBackground": {
     "fallback": "#F4D525",
     "gradient": "linear-gradient(0deg, #f4e225 0%, #f4d525 100%)"
    },
    "boxBackground": {
     "fallback": "#00000000",
     "gradient": "linear-gradient(0deg, #00000000 0%, #00000000 100%)"
    },
    "boxShadow": "none"
   },
   "listItem": {
    "margin": {
     "top": 27,
     "bottom": 27,
     "left": 0,
     "right": 0
    }
   },
   "paragraph": {
    "margin": {
     "top": 27,
     "bottom": 27,
     "left": 0,
     "right": 0
    }
   },
   "heading": {
    "margin": {
     "top": 34,
     "bottom": 34,
     "left": 0,
     "right": 0
    }
   },
   "license": {
    "muted": "#002434BF",
    "foreground": "#F2F9FD",
    "background": "#002434"
   },
   "question": {
    "background": {
     "fallback": "#0F171A",
     "gradient": "linear-gradient(0deg, #002434 0%, #0f141aff 100%)"
    },
    "answer": {
     "border": "#FFFFFF",
     "background": "#022D40",
     "margin": {
      "top": 8,
      "bottom": 8,
      "left": 0,
      "right": 0
     }
    }
   },
   "overlay": {
    "fallback": "#002434",
    "gradient": "linear-gradient(0deg, #002434 0%, #002434 100%)"
   }
  }
 }
}